,Rk,Year,Player,Pos,AV,School,College,HE ,Height,Wt,40YD,Vertical,BenchReps,Broad Jump,3Cone,Shuttle,Drafted (tm/rnd/yr)
0,1,2015,Ramik Wilson,LB,15.0,Georgia,College Stats,2-Jun,6'2,237,4.77,35.0,23.0,111.0,,4.51,Kansas City Chiefs / 4th / 118th pick / 2015
1,2,2015,Damien Wilson,LB,12.0,Minnesota,College Stats,Jun-00,6'1,245,4.77,37.0,22.0,119.0,7.21,4.2,Dallas Cowboys / 4th / 127th pick / 2015
2,3,2015,Martrell Spaight,LB,6.0,Arkansas,College Stats,Jun-00,6'1,236,4.81,35.0,25.0,120.0,7.66,,Washington Redskins / 5th / 141st pick / 2015
3,4,2015,Hayes Pullard,LB,9.0,Southern California,College Stats,Jun-00,6'1,240,4.78,31.0,19.0,110.0,7.07,4.39,Cleveland Browns / 7th / 219th pick / 2015
4,5,2015,Denzel Perryman,LB,18.0,Miami (FL),College Stats,11-May,5'11,236,4.78,32.0,27.0,113.0,,,San Diego Chargers / 2nd / 48th pick / 2015
5,6,2015,Benardrick McKinney,LB,37.0,Mississippi State,College Stats,4-Jun,6'4,246,4.66,40.5,16.0,121.0,7.21,4.27,Houston Texans / 2nd / 43rd pick / 2015
6,7,2015,Eric Kendricks,LB,32.0,UCLA,College Stats,Jun-00,6'1,232,4.61,38.0,19.0,124.0,,,Minnesota Vikings / 2nd / 45th pick / 2015
7,8,2015,Taiwan Jones,LB,0.0,Michigan State,College Stats,3-Jun,6'3,245,4.95,32.0,19.0,115.0,7.25,4.33,
8,9,2015,Amarlo Herrera,LB,0.0,Georgia,College Stats,1-Jun,6'1,244,4.83,32.0,23.0,111.0,7.35,4.27,Indianapolis Colts / 6th / 207th pick / 2015
9,10,2015,Ben Heeney,LB,3.0,Kansas,College Stats,Jun-00,6'1,231,4.59,33.5,19.0,120.0,6.68,4.0,Oakland Raiders / 5th / 140th pick / 2015
10,11,2015,Bryce Hager,LB,5.0,Baylor,College Stats,1-Jun,6'1,234,4.6,35.0,26.0,117.0,7.15,4.36,St. Louis Rams / 7th / 224th pick / 2015
11,12,2015,Trey DePriest,LB,,Alabama,College Stats,Jun-00,6'1,254,4.93,,,,,,
12,13,2015,Paul Dawson,LB,1.0,TCU,College Stats,Jun-00,6'1,235,4.93,28.0,21.0,109.0,,4.49,Cincinnati Bengals / 3rd / 99th pick / 2015
13,14,2015,Stephone Anthony,LB,10.0,Clemson,College Stats,3-Jun,6'3,243,4.56,37.0,23.0,122.0,7.07,4.03,New Orleans Saints / 1st / 31st pick / 2015
14,15,2014,Avery Williamson,LB,36.0,Kentucky,College Stats,1-Jun,6'1,246,4.66,30.5,25.0,120.0,7.11,4.07,Tennessee Titans / 5th / 151st pick / 2014
15,16,2014,Yawin Smallwood,LB,,Connecticut,College Stats,2-Jun,6'2,246,,36.5,18.0,108.0,,,Atlanta Falcons / 7th / 253rd pick / 2014
16,17,2014,Shayne Skov,LB,1.0,Stanford,College Stats,2-Jun,6'2,245,5.09,,,,,,
17,18,2014,C.J. Mosley,LB,65.0,Alabama,College Stats,2-Jun,6'2,234,4.65,35.0,,118.0,7.3,4.4,Baltimore Ravens / 1st / 17th pick / 2014
18,19,2014,James Morris,LB,0.0,Iowa,College Stats,1-Jun,6'1,241,4.8,34.5,18.0,117.0,6.94,4.36,
19,20,2014,Andrew Jackson,LB,1.0,Western Kentucky,College Stats,1-Jun,6'1,254,4.9,,,,,,Indianapolis Colts / 6th / 203rd pick / 2014
20,21,2014,Jeremiah George,LB,3.0,Iowa State,College Stats,11-May,5'11,234,4.91,33.0,28.0,116.0,,,New York Jets / 5th / 154th pick / 2014
21,22,2014,Max Bullough,LB,4.0,Michigan State,College Stats,3-Jun,6'3,249,4.78,31.0,30.0,112.0,7.22,4.3,
22,23,2014,Preston Brown,LB,34.0,Louisville,College Stats,1-Jun,6'1,251,4.86,33.0,23.0,116.0,6.98,4.26,Buffalo Bills / 3rd / 73rd pick / 2014
23,24,2014,Chris Borland,LB,6.0,Wisconsin,College Stats,11-May,5'11,248,4.83,31.0,27.0,114.0,7.18,4.27,San Francisco 49ers / 3rd / 77th pick / 2014
24,25,2014,Lamin Barrow,LB,2.0,LSU,College Stats,1-Jun,6'1,237,4.64,35.0,22.0,123.0,7.24,4.35,Denver Broncos / 5th / 156th pick / 2014
25,26,2014,Uani' Unga,LB,,BYU,,1-Jun,6'1,231,4.82,,,,,,
26,27,2013,Manti Te'o,LB,22.0,Notre Dame,College Stats,1-Jun,6'1,241,4.82,33.0,,113.0,7.13,4.27,San Diego Chargers / 2nd / 38th pick / 2013
27,28,2013,Bruce Taylor,LB,,Virginia Tech,College Stats,1-Jun,6'1,237,5.01,30.5,19.0,115.0,7.21,4.39,
28,29,2013,Jonathan Stewart,LB,,Texas A&M,College Stats,4-Jun,6'4,242,4.68,31.0,19.0,118.0,7.44,4.53,
29,30,2013,Kevin Reddick,LB,1.0,North Carolina,College Stats,1-Jun,6'1,243,4.72,,23.0,113.0,,,
30,31,2013,Keith Pough,LB,,Howard,,2-Jun,6'2,239,4.87,33.0,17.0,118.0,7.28,4.47,
31,32,2013,Kevin Minter,LB,25.0,LSU,College Stats,Jun-00,6'1,246,4.81,33.0,25.0,119.0,,,Arizona Cardinals / 2nd / 45th pick / 2013
32,33,2013,A.J. Klein,LB,25.0,Iowa State,College Stats,1-Jun,6'1,250,4.66,,20.0,113.0,,,Carolina Panthers / 5th / 148th pick / 2013
33,34,2013,Nico Johnson,LB,3.0,Alabama,College Stats,2-Jun,6'2,248,4.73,,,,,,Kansas City Chiefs / 4th / 99th pick / 2013
34,35,2013,Jelani Jenkins,LB,17.0,Florida,College Stats,Jun-00,6'1,243,4.65,,27.0,,,,Miami Dolphins / 4th / 104th pick / 2013
35,36,2013,Brandon Hepburn,LB,,Florida A&M,,2-Jun,6'2,240,4.68,32.0,21.0,124.0,7.4,4.55,Detroit Lions / 7th / 245th pick / 2013
36,37,2013,Steve Beauharnais,LB,0.0,Rutgers,College Stats,1-Jun,6'1,240,4.84,33.0,19.0,118.0,6.99,4.2,New England Patriots / 7th / 235th pick / 2013
37,38,2013,Sam Barrington,LB,4.0,South Florida,College Stats,1-Jun,6'1,246,4.91,32.5,22.0,117.0,,,Green Bay Packers / 7th / 232nd pick / 2013
38,39,2013,Kiko Alonso,LB,33.0,Oregon,College Stats,3-Jun,6'3,238,4.74,,,,,,Buffalo Bills / 2nd / 46th pick / 2013
39,40,2013,Tom Wort,LB,,Oklahoma,College Stats,Jun-00,6'1,235,4.78,31.5,21.0,111.0,7.41,4.51,
40,41,2012,Keenan Robinson,LB,19.0,Texas,College Stats,3-Jun,6'3,242,4.72,35.5,27.0,120.0,,,Washington Redskins / 4th / 119th pick / 2012
41,42,2012,Caleb McSurdy,LB,0.0,Montana,,1-Jun,6'1,245,4.82,30.0,26.0,110.0,7.26,4.28,Dallas Cowboys / 7th / 222nd pick / 2012
42,43,2012,Shawn Loiseau,LB,0.0,Merrimack,,Jun-00,6'1,244,4.74,32.5,19.0,109.0,,,
43,44,2012,Luke Kuechly,LB,96.0,Boston College,College Stats,3-Jun,6'3,242,4.58,38.0,27.0,123.0,6.92,4.12,Carolina Panthers / 1st / 9th pick / 2012
44,45,2012,Mychal Kendricks,LB,38.0,California,College Stats,11-May,5'11,239,4.44,39.5,24.0,127.0,,4.19,Philadelphia Eagles / 2nd / 46th pick / 2012
45,46,2012,James-Michael Johnson,LB,11.0,Nevada,College Stats,1-Jun,6'1,241,4.6,37.0,23.0,124.0,7.34,4.37,Cleveland Browns / 4th / 120th pick / 2012
46,47,2012,Dont'a Hightower,LB,53.0,Alabama,College Stats,2-Jun,6'2,265,4.62,32.0,,,,,New England Patriots / 1st / 25th pick / 2012
47,48,2012,Najee Goode,LB,9.0,West Virginia,College Stats,Jun-00,6'1,244,4.55,35.5,,117.0,,,Tampa Bay Buccaneers / 5th / 140th pick / 2012
48,49,2012,Audie Cole,LB,6.0,North Carolina State,College Stats,4-Jun,6'4,246,4.76,35.0,15.0,114.0,6.96,4.29,Minnesota Vikings / 7th / 210th pick / 2012
49,50,2012,Tank Carder,LB,5.0,TCU,College Stats,2-Jun,6'2,236,4.58,34.5,19.0,121.0,6.89,4.18,Buffalo Bills / 5th / 147th pick / 2012
50,51,2012,Vontaze Burfict,LB,48.0,Arizona State,College Stats,1-Jun,6'1,248,5.0,30.0,,104.0,,,
51,52,2012,Chris Galippo,LB,,Southern California,College Stats,1-Jun,6'1,241,4.73,29.5,19.0,107.0,6.9,4.1,
52,53,2011,Martez Wilson,LB,3.0,Illinois,College Stats,4-Jun,6'4,250,4.42,36.0,23.0,124.0,7.04,4.28,New Orleans Saints / 3rd / 72nd pick / 2011
53,54,2011,Chris White,LB,4.0,Mississippi State,College Stats,3-Jun,6'3,240,4.65,34.0,17.0,115.0,6.95,4.25,Buffalo Bills / 6th / 169th pick / 2011
54,55,2011,Quan Sturdivant,LB,0.0,North Carolina,College Stats,1-Jun,6'1,241,4.75,34.0,21.0,115.0,,4.5,Arizona Cardinals / 6th / 171st pick / 2011
55,56,2011,Derrell Smith,LB,,Syracuse,College Stats,Jun-00,6'1,243,4.76,,,,,,
56,57,2011,Kelvin Sheppard,LB,30.0,LSU,College Stats,2-Jun,6'2,250,4.7,33.5,22.0,110.0,,4.28,Buffalo Bills / 3rd / 68th pick / 2011
57,58,2011,Mike Mohamed,LB,4.0,California,College Stats,3-Jun,6'3,239,4.65,32.0,21.0,115.0,6.7,4.0,Denver Broncos / 6th / 189th pick / 2011
58,59,2011,Colin McCarthy,LB,11.0,Miami (FL),College Stats,1-Jun,6'1,238,4.59,36.5,23.0,119.0,6.93,4.2,Tennessee Titans / 4th / 109th pick / 2011
59,60,2011,Casey Matthews,LB,10.0,Oregon,College Stats,1-Jun,6'1,231,4.78,,13.0,,,,Philadelphia Eagles / 4th / 116th pick / 2011
60,61,2011,Greg Lloyd,LB,0.0,Connecticut,College Stats,1-Jun,6'1,246,4.8,32.0,22.0,109.0,7.17,4.46,Philadelphia Eagles / 7th / 237th pick / 2011
61,62,2011,Orie Lemon,LB,4.0,Oklahoma State,College Stats,1-Jun,6'1,242,4.87,30.0,27.0,113.0,7.45,4.4,
62,63,2011,Elijah Joseph,LB,,Temple,College Stats,1-Jun,6'1,243,4.8,,,,,,
63,64,2011,Greg Jones,LB,3.0,Michigan State,College Stats,Jun-00,6'1,242,4.75,31.5,21.0,117.0,7.27,4.27,New York Giants / 6th / 185th pick / 2011
64,65,2011,Nate Irving,LB,10.0,North Carolina State,College Stats,1-Jun,6'1,240,4.74,,,,,,Denver Broncos / 3rd / 67th pick / 2011
65,66,2011,Akeem Dent,LB,18.0,Georgia,College Stats,1-Jun,6'1,242,4.73,37.5,24.0,123.0,,,Atlanta Falcons / 3rd / 91st pick / 2011
66,67,2011,Nick Bellore,LB,14.0,Central Michigan,College Stats,1-Jun,6'1,245,4.84,32.5,23.0,109.0,6.98,4.0,
67,68,2010,Kion Wilson,LB,1.0,South Florida,College Stats,Jun-00,6'1,239,4.87,36.5,27.0,123.0,,4.53,
68,69,2010,Brandon Spikes,LB,25.0,Florida,College Stats,3-Jun,6'3,249,5.05,29.0,,111.0,6.97,,New England Patriots / 2nd / 62nd pick / 2010
69,70,2010,Darryl Sharpton,LB,11.0,Miami (FL),College Stats,11-May,5'11,236,4.81,,24.0,,7.19,4.42,Houston Texans / 4th / 102nd pick / 2010
70,71,2010,Rolando McClain,LB,29.0,Alabama,College Stats,3-Jun,6'3,254,4.68,,24.0,,,,Oakland Raiders / 1st / 8th pick / 2010
71,72,2010,Albert McClellan,LB,19.0,Marshall,College Stats,1-Jun,6'1,247,4.75,36.5,26.0,119.0,7.24,4.21,
72,73,2010,Sean Lee,LB,53.0,Penn State,College Stats,2-Jun,6'2,236,4.71,37.5,24.0,120.0,,,Dallas Cowboys / 2nd / 55th pick / 2010
73,74,2010,Micah Johnson,LB,3.0,Kentucky,College Stats,1-Jun,6'1,258,4.99,29.0,31.0,,,,
74,75,2010,Josh Hull,LB,3.0,Penn State,College Stats,3-Jun,6'3,237,4.93,32.5,25.0,115.0,6.86,4.07,St. Louis Rams / 7th / 254th pick / 2010
75,76,2010,Travis Goethel,LB,1.0,Arizona State,College Stats,2-Jun,6'2,240,4.81,35.0,21.0,111.0,6.93,4.54,Oakland Raiders / 6th / 190th pick / 2010
76,77,2010,Phillip Dillard,LB,0.0,Nebraska,College Stats,Jun-00,6'1,245,4.65,31.5,,106.0,7.16,4.43,New York Giants / 4th / 115th pick / 2010
77,78,2010,Jamar Chaney,LB,13.0,Mississippi State,College Stats,1-Jun,6'1,242,4.54,39.0,26.0,124.0,6.9,4.29,Philadelphia Eagles / 7th / 220th pick / 2010
78,79,2010,Donald Butler,LB,33.0,Washington,College Stats,1-Jun,6'1,245,4.61,,35.0,,,,San Diego Chargers / 3rd / 79th pick / 2010
79,80,2010,Pat Angerer,LB,18.0,Iowa,College Stats,Jun-00,6'1,235,4.71,35.0,26.0,110.0,7.04,4.29,Indianapolis Colts / 2nd / 63rd pick / 2010
80,81,2010,Jason Beauchamp,LB,,UNLV,College Stats,3-Jun,6'3,244,4.89,39.5,21.0,120.0,7.1,,
81,82,2010,Lee Campbell,LB,,Minnesota,College Stats,2-Jun,6'2,247,4.88,34.0,17.0,108.0,7.27,4.4,
82,83,2010,Boris Lee,LB,,Troy,College Stats,Jun-00,6'1,238,4.94,32.5,27.0,112.0,,,
83,84,2010,Mike McLaughlin,LB,,Boston College,College Stats,Jun-00,6'1,242,4.84,38.5,29.0,114.0,6.85,4.11,
84,1,2015,Tony Washington,LB,,Oregon,College Stats,4-Jun,6'4,247,4.99,32.5,17,110,7.2,4.31,
85,2,2015,Max Valles,LB,,Virginia,College Stats,5-Jun,6'5,251,4.83,36.5,,121,7.59,4.37,Oakland Raiders / 6th / 179th pick / 2015
86,3,2015,Davis Tull,LB,,Chattanooga,,2-Jun,6'2,246,4.57,42.5,26,132,,,New Orleans Saints / 5th / 148th pick / 2015
87,4,2015,Shaq Thompson,LB,22,Washington,College Stats,Jun-00,6'1,228,4.64,33.5,,117,6.99,4.08,Carolina Panthers / 1st / 25th pick / 2015
88,5,2015,J.R. Tavai,LB,0,Southern California,College Stats,2-Jun,6'2,249,4.91,30.5,20,112,,,
89,6,2015,Jake Ryan,LB,15,Michigan,College Stats,2-Jun,6'2,240,4.65,34.5,20,120,7.11,4.2,Green Bay Packers / 4th / 129th pick / 2015
90,7,2015,Edmond Robinson,LB,2,Newberry,,3-Jun,6'3,245,4.61,37,20,121,7.49,4.38,Minnesota Vikings / 7th / 232nd pick / 2015
91,8,2015,Mark Nzeocha,LB,3,Wyoming,College Stats,2-Jun,6'2,232,4.56,,24,,,,Dallas Cowboys / 7th / 236th pick / 2015
92,9,2015,Lorenzo Mauldin,LB,4,Louisville,College Stats,4-Jun,6'4,259,4.85,32,23,112,7.47,4.58,New York Jets / 3rd / 82nd pick / 2015
93,10,2015,Hau'oli Kikaha,LB,5,Washington,College Stats,2-Jun,6'2,253,4.93,,,,,,New Orleans Saints / 2nd / 44th pick / 2015
94,11,2015,Mike Hull,LB,5,Penn State,College Stats,Jun-00,6'1,237,4.68,,31,,6.99,4.15,
95,12,2015,Jordan Hicks,LB,22,Texas,College Stats,1-Jun,6'1,236,4.68,38,20,124,6.78,4.15,Philadelphia Eagles / 3rd / 84th pick / 2015
96,13,2015,Eli Harold,LB,13,Virginia,College Stats,3-Jun,6'3,247,4.6,35,,123,7.07,4.16,San Francisco 49ers / 3rd / 79th pick / 2015
97,14,2015,Geneo Grissom,LB,3,Oklahoma,College Stats,3-Jun,6'3,262,4.81,37,20,117,7.24,4.38,New England Patriots / 3rd / 97th pick / 2015
98,15,2015,Markus Golden,LB,15,Missouri,College Stats,2-Jun,6'2,260,4.9,,,,,,Arizona Cardinals / 2nd / 58th pick / 2015
99,16,2015,Alani Fua,LB,2,BYU,College Stats,5-Jun,6'5,238,4.73,34.5,18,118,6.83,4.15,
100,17,2015,Kyle Emanuel,LB,18,North Dakota State,,3-Jun,6'3,255,4.77,34,27,120,7.1,4.25,San Diego Chargers / 5th / 153rd pick / 2015
101,18,2015,Xzavier Dickson,LB,,Alabama,College Stats,3-Jun,6'3,260,4.74,29.5,19,100,7.56,4.53,New England Patriots / 7th / 253rd pick / 2015
102,19,2015,Aaron Davis,LB,,Colorado State,College Stats,Jun-00,6'1,225,4.95,29,16,107,7.38,4.37,
103,20,2015,Vic Beasley,LB,28,Clemson,College Stats,3-Jun,6'3,246,4.53,41,35,130,6.91,4.15,Atlanta Falcons / 1st / 8th pick / 2015
104,21,2015,Neiron Ball,LB,1,Florida,College Stats,2-Jun,6'2,236,4.65,,22,,,,Oakland Raiders / 5th / 161st pick / 2015
105,22,2015,Kwon Alexander,LB,25,LSU,College Stats,1-Jun,6'1,227,4.55,36,24,121,7.14,4.2,Tampa Bay Buccaneers / 4th / 124th pick / 2015
106,23,2015,Yannick Cudjoe-Virgil,LB,,Maryland,,2-Jun,6'2,248,4.8,,25,,,,
107,24,2015,Dante Fowler,LB,,Florida,,3-Jun,6'3,261,4.6,32.5,19,112,7.4,4.32,
108,25,2015,Zack Hodges,LB,,Harvard,,2-Jun,6'2,250,4.68,33.5,,125,,4.65,
109,26,2014,Jordan Zumwalt,LB,,UCLA,College Stats,4-Jun,6'4,235,4.76,33,,116,6.99,4.25,Pittsburgh Steelers / 6th / 192nd pick / 2014
110,27,2014,Kyle Van Noy,LB,24,BYU,College Stats,3-Jun,6'3,243,4.71,32.5,21,112,7.22,4.2,Detroit Lions / 2nd / 40th pick / 2014
111,28,2014,Jordan Tripp,LB,3,Montana,,3-Jun,6'3,234,4.67,37.5,22,120,6.89,3.96,Miami Dolphins / 5th / 171st pick / 2014
112,29,2014,Tyler Starr,LB,0,South Dakota,,4-Jun,6'4,250,4.95,32,24,116,6.64,4.15,Atlanta Falcons / 7th / 255th pick / 2014
113,30,2014,Telvin Smith,LB,48,Florida State,College Stats,3-Jun,6'3,218,4.52,31.5,,119,,,Jacksonville Jaguars / 5th / 144th pick / 2014
114,31,2014,Chris Smith,LB,7,Arkansas,College Stats,1-Jun,6'1,266,4.66,37,28,121,7.55,4.46,Jacksonville Jaguars / 5th / 159th pick / 2014
115,32,2014,Prince Shembo,LB,2,Notre Dame,College Stats,1-Jun,6'1,253,4.71,38.5,26,122,7.29,4.31,Atlanta Falcons / 4th / 139th pick / 2014
116,33,2014,Ryan Shazier,LB,28,Ohio State,College Stats,1-Jun,6'1,237,4.58,42,25,130,6.91,4.21,Pittsburgh Steelers / 1st / 15th pick / 2014
117,34,2014,Trevor Reilly,LB,3,Utah,College Stats,5-Jun,6'5,245,4.67,,26,,,,New York Jets / 7th / 233rd pick / 2014
118,35,2014,Ronald Powell,LB,1,Florida,College Stats,3-Jun,6'3,237,4.65,35.5,21,114,,,New Orleans Saints / 5th / 169th pick / 2014
119,36,2014,Kevin Pierre-Louis,LB,5,Boston College,College Stats,Jun-00,6'1,232,4.51,39,28,128,6.92,4.02,Seattle Seahawks / 4th / 132nd pick / 2014
120,37,2014,Jonathan Newsome,LB,4,Ball State,College Stats,3-Jun,6'3,247,4.73,34,21,117,7.31,4.63,Indianapolis Colts / 5th / 166th pick / 2014
121,38,2014,Khalil Mack,LB,65,Buffalo,College Stats,3-Jun,6'3,251,4.65,40,23,128,7.08,4.18,Oakland Raiders / 1st / 5th pick / 2014
122,39,2014,Boseko Lokombo,LB,,Oregon,College Stats,2-Jun,6'2,225,4.66,,,122,7.15,4.3,
123,40,2014,Christian Kirksey,LB,26,Iowa,College Stats,2-Jun,6'2,233,4.72,32,16,122,,,Cleveland Browns / 3rd / 71st pick / 2014
124,41,2014,Devon Kennard,LB,25,Southern California,College Stats,3-Jun,6'3,249,4.7,30,23,113,7.25,4.32,New York Giants / 5th / 174th pick / 2014
125,42,2014,Howard Jones,LB,4,Shepherd,,2-Jun,6'2,235,4.6,40.5,21,124,7.16,4.41,
126,43,2014,Christian Jones,LB,25,Florida State,College Stats,3-Jun,6'3,240,4.68,33.5,,115,,,
127,44,2014,Adrian Hubbard,LB,,Alabama,College Stats,6-Jun,6'6,257,4.69,38.5,,117,,,
128,45,2014,Anthony Hitchens,LB,30,Iowa,College Stats,Jun-00,6'1,240,4.74,31.5,23,116,7.15,4.45,Dallas Cowboys / 4th / 119th pick / 2014
129,46,2014,Khairi Fortt,LB,0,California,College Stats,2-Jun,6'2,248,4.7,36,30,120,,,New Orleans Saints / 4th / 126th pick / 2014
130,47,2014,Kasim Edebali,LB,5,Boston College,College Stats,2-Jun,6'2,253,4.79,34.5,19,115,7.2,4.35,
131,48,2014,Jonathan Brown,LB,,Illinois,College Stats,Jun-00,6'1,238,5.03,31,16,108,7.77,4.56,
132,49,2014,Carl Bradford,LB,0,Arizona State,College Stats,1-Jun,6'1,250,4.76,37.5,23,122,7.25,4.3,Green Bay Packers / 4th / 121st pick / 2014
133,50,2014,Anthony Barr,LB,46,UCLA,College Stats,5-Jun,6'5,255,4.66,34.5,15,119,6.82,4.19,Minnesota Vikings / 1st / 9th pick / 2014
134,Rk,Year,Player,Pos,AV,School,College,Height,#VALUE!,Wt,40YD,Vertical,BenchReps,Broad Jump,3Cone,Shuttle,Drafted (tm/rnd/yr)
135,51,2014,Jeremiah Attaochu,LB,9,Georgia Tech,College Stats,3-Jun,6'3,252,,,,,,,San Diego Chargers / 2nd / 50th pick / 2014
136,52,2013,Trevardo Williams,LB,0,Connecticut,College Stats,1-Jun,6'1,241,4.57,38,30,124,,,Houston Texans / 4th / 124th pick / 2013
137,53,2013,Chase Thomas,LB,,Stanford,College Stats,3-Jun,6'3,244,4.91,32,18,113,7.17,4.31,
138,54,2013,Mike Taylor,LB,,Wisconsin,College Stats,1-Jun,6'1,234,4.75,,,,,,
139,55,2013,John Simon,LB,16,Ohio State,College Stats,1-Jun,6'1,257,4.62,,,,,,Baltimore Ravens / 4th / 129th pick / 2013
140,56,2013,Etienne Sabino,LB,,Ohio State,College Stats,2-Jun,6'2,247,4.75,,24,114,,,
141,57,2013,Ty Powell,LB,1,Harding,,2-Jun,6'2,249,4.64,37,28,122,6.98,4.4,Seattle Seahawks / 7th / 231st pick / 2013
142,58,2013,Sean Porter,LB,0,Texas A&M,College Stats,1-Jun,6'1,229,4.75,35,22,119,,,Cincinnati Bengals / 4th / 118th pick / 2013
143,59,2013,Alec Ogletree,LB,49,Georgia,College Stats,2-Jun,6'2,242,4.7,33.5,20,122,7.16,4.39,St. Louis Rams / 1st / 30th pick / 2013
144,60,2013,Sio Moore,LB,16,Connecticut,College Stats,1-Jun,6'1,245,4.65,38,29,127,7.49,4.31,Oakland Raiders / 3rd / 66th pick / 2013
145,61,2013,Nick Moody,LB,2,Florida State,College Stats,1-Jun,6'1,236,4.71,,17,118,,,San Francisco 49ers / 6th / 180th pick / 2013
146,62,2013,Barkevious Mingo,LB,24,LSU,College Stats,4-Jun,6'4,241,4.58,37,,128,6.84,4.39,Cleveland Browns / 1st / 6th pick / 2013
147,63,2013,Lerentee McCray,LB,5,Florida,College Stats,2-Jun,6'2,250,4.74,,,,,,
148,64,2013,Michael Mauti,LB,5,Penn State,College Stats,2-Jun,6'2,243,4.83,,28,,,,Minnesota Vikings / 7th / 213th pick / 2013
149,65,2013,Brandon Magee,LB,2,Arizona State,College Stats,11-May,5'11,223,4.74,,,114,,,
150,66,2013,John Lotulelei,LB,1,UNLV,College Stats,11-May,5'11,233,4.84,35.5,25,117,6.91,4.3,
151,67,2013,Jake Knott,LB,1,Iowa State,College Stats,2-Jun,6'2,243,4.84,,,,,,
152,68,2013,Dion Jordan,LB,7,Oregon,College Stats,6-Jun,6'6,248,4.54,32.5,,122,7.02,4.35,Miami Dolphins / 1st / 3rd pick / 2013
153,69,2013,Jarvis Jones,LB,19,Georgia,College Stats,2-Jun,6'2,245,4.74,,,,,,Pittsburgh Steelers / 1st / 17th pick / 2013
154,70,2013,DeVonte Holloman,LB,1,South Carolina,College Stats,1-Jun,6'1,243,4.76,33,15,113,7.3,4.26,Dallas Cowboys / 6th / 185th pick / 2013
155,71,2013,Gerald Hodges,LB,20,Penn State,College Stats,1-Jun,6'1,243,4.78,,22,119,,,Minnesota Vikings / 4th / 120th pick / 2013
156,72,2013,Khaseem Greene,LB,3,Rutgers,College Stats,1-Jun,6'1,241,4.71,30,17,116,7.58,4.2,Chicago Bears / 4th / 117th pick / 2013
157,73,2013,Zaviar Gooden,LB,3,Missouri,College Stats,1-Jun,6'1,234,4.47,34,27,131,6.71,4.18,Tennessee Titans / 3rd / 97th pick / 2013
158,74,2013,Jamie Collins,LB,47,Southern Miss,College Stats,3-Jun,6'3,250,4.64,41.5,19,139,7.1,4.32,New England Patriots / 2nd / 52nd pick / 2013
159,75,2013,Arthur Brown,LB,3,Kansas State,College Stats,Jun-00,6'1,241,4.62,,,116,,,Baltimore Ravens / 2nd / 56th pick / 2013
160,76,2013,Jon Bostic,LB,21,Florida,College Stats,1-Jun,6'1,245,4.59,32.5,22,118,6.99,4.24,Chicago Bears / 2nd / 50th pick / 2013
161,77,2013,Nathan Williams,LB,,Ohio State,College Stats,3-Jun,6'3,241,4.88,35,24,113,6.99,4.44,
162,78,2012,Kyle Wilber,LB,14,Wake Forest,College Stats,4-Jun,6'4,249,4.73,33.5,25,117,7.11,4.31,Dallas Cowboys / 4th / 113th pick / 2012
163,79,2012,Tahir Whitehead,LB,36,Temple,College Stats,1-Jun,6'1,233,4.62,37,21,124,7.14,4.37,Detroit Lions / 5th / 138th pick / 2012
164,80,2012,Danny Trevathan,LB,42,Kentucky,College Stats,Jun-00,6'1,237,4.84,31.5,18,111,,,Denver Broncos / 6th / 188th pick / 2012
165,81,2012,Nathan Stupar,LB,9,Penn State,College Stats,2-Jun,6'2,241,4.65,31,21,116,6.84,4.28,Oakland Raiders / 7th / 230th pick / 2012
166,82,2012,Sean Spence,LB,13,Miami (FL),College Stats,11-May,5'11,231,4.66,33.5,12,119,7.46,4.28,Pittsburgh Steelers / 3rd / 86th pick / 2012
167,83,2012,Shea McClellin,LB,18,Boise State,College Stats,3-Jun,6'3,260,4.62,31.5,19,118,7.07,4.33,Chicago Bears / 1st / 19th pick / 2012
168,84,2012,Jonathan Massaquoi,LB,6,Troy,College Stats,2-Jun,6'2,264,4.81,33.5,20,120,7.38,4.53,Atlanta Falcons / 5th / 164th pick / 2012
169,85,2012,Brandon Marshall,LB,32,Nevada,College Stats,1-Jun,6'1,242,4.72,30.5,28,108,7.05,4.09,Jacksonville Jaguars / 5th / 142nd pick / 2012
170,86,2012,Terrell Manning,LB,0,North Carolina State,College Stats,2-Jun,6'2,237,4.71,32.5,22,114,7.18,4.43,Green Bay Packers / 5th / 163rd pick / 2012
171,87,2012,Travis Lewis,LB,4,Oklahoma,College Stats,1-Jun,6'1,246,4.83,36,22,122,,,Detroit Lions / 7th / 223rd pick / 2012
172,88,2012,Ronnell Lewis,LB,0,Oklahoma,College Stats,2-Jun,6'2,253,4.65,31,36,112,7.09,4.4,Detroit Lions / 4th / 125th pick / 2012
173,89,2012,Josh Kaddu,LB,0,Oregon,College Stats,3-Jun,6'3,239,4.67,34,20,119,,,Miami Dolphins / 5th / 155th pick / 2012
174,90,2012,Steven Johnson,LB,8,Kansas,College Stats,Jun-00,6'1,239,4.71,36,16,113,7.32,4.38,
175,91,2012,Bruce Irvin,LB,43,West Virginia,College Stats,3-Jun,6'3,245,4.41,33.5,23,123,6.7,4.03,Seattle Seahawks / 1st / 15th pick / 2012
176,92,2012,Melvin Ingram,LB,47,South Carolina,College Stats,1-Jun,6'1,264,4.69,34.5,28,109,6.83,4.18,San Diego Chargers / 1st / 18th pick / 2012
177,93,2012,Darius Fleming,LB,1,Notre Dame,College Stats,2-Jun,6'2,245,4.71,33.5,27,114,7.03,4.28,San Francisco 49ers / 5th / 165th pick / 2012
178,94,2012,Lavonte David,LB,65,Nebraska,College Stats,1-Jun,6'1,233,4.57,36.5,19,119,7.28,4.22,Tampa Bay Buccaneers / 2nd / 58th pick / 2012
179,95,2012,Demario Davis,LB,52,Arkansas State,College Stats,2-Jun,6'2,235,4.49,38.5,32,124,7.19,4.28,New York Jets / 3rd / 77th pick / 2012
180,96,2012,Miles Burris,LB,14,San Diego State,College Stats,2-Jun,6'2,246,4.67,37.5,31,121,,,Oakland Raiders / 4th / 129th pick / 2012
181,97,2012,Zach Brown,LB,42,North Carolina,College Stats,1-Jun,6'1,244,4.44,33.5,,116,,,Tennessee Titans / 2nd / 52nd pick / 2012
182,98,2012,Nigel Bradham,LB,43,Florida State,College Stats,2-Jun,6'2,241,4.56,37,24,121,7.18,4.37,Buffalo Bills / 4th / 105th pick / 2012
183,99,2012,Emmanuel Acho,LB,2,Texas,College Stats,2-Jun,6'2,238,4.64,35.5,24,118,,,Cleveland Browns / 6th / 204th pick / 2012
184,100,2012,Ryan Baker,LB,,LSU,College Stats,11-May,5'11,232,4.8,34,30,113,7.21,4.35,
185,Rk,Year,Player,Pos,AV,School,College,Height,#VALUE!,Wt,40YD,Vertical,BenchReps,Broad Jump,3Cone,Shuttle,Drafted (tm/rnd/yr)
186,101,2012,Brandon Lindsey,LB,,Pittsburgh,College Stats,2-Jun,6'2,254,4.85,33,23,117,7.36,4.28,
187,102,2012,Tyler Nielsen,LB,,Iowa,College Stats,3-Jun,6'3,238,4.63,,21,,7.27,4.31,
188,103,2011,K.J. Wright,LB,64,Mississippi State,College Stats,3-Jun,6'3,246,4.71,32,20,120,7.26,4.46,Seattle Seahawks / 4th / 99th pick / 2011
189,104,2011,Lawrence Wilson,LB,,Connecticut,College Stats,1-Jun,6'1,229,4.71,32.5,24,113,7.31,4.5,Carolina Panthers / 6th / 166th pick / 2011
190,105,2011,J.T. Thomas,LB,13,West Virginia,College Stats,1-Jun,6'1,241,4.65,30.5,23,114,7.23,4.28,Chicago Bears / 6th / 195th pick / 2011
191,106,2011,D.J. Smith,LB,6,Appalachian State,,11-May,5'11,239,4.71,31,20,104,7.35,4.45,Green Bay Packers / 6th / 186th pick / 2011
192,107,2011,Brian Rolle,LB,6,Ohio State,College Stats,10-May,5'10,229,4.53,33,28,115,6.89,4.26,Philadelphia Eagles / 6th / 193rd pick / 2011
193,108,2011,Brooks Reed,LB,42,Arizona,College Stats,2-Jun,6'2,263,4.65,30.5,30,113,7.11,4.28,Houston Texans / 2nd / 42nd pick / 2011
194,109,2011,Jonas Mouton,LB,0,Michigan,College Stats,1-Jun,6'1,239,4.84,31.5,,115,7.08,4.34,San Diego Chargers / 2nd / 61st pick / 2011
195,110,2011,Adrian Moten,LB,1,Maryland,College Stats,2-Jun,6'2,228,4.53,31,18,114,7.05,4.21,
196,111,2011,Dontay Moch,LB,0,Nevada,College Stats,1-Jun,6'1,248,4.4,42,21,128,7.09,4.38,Cincinnati Bengals / 3rd / 66th pick / 2011
197,112,2011,Von Miller,LB,106,Texas A&M,College Stats,3-Jun,6'3,246,4.42,37,21,126,6.7,4.06,Denver Broncos / 1st / 2nd pick / 2011
198,113,2011,Bruce Miller,LB,7,Central Florida,College Stats,1-Jun,6'1,254,4.81,31,35,113,7.05,4.34,San Francisco 49ers / 7th / 211th pick / 2011
199,114,2011,Scott Lutrus,LB,0,Connecticut,College Stats,2-Jun,6'2,241,4.68,38,,121,6.89,4.09,
200,115,2011,Jeremiha Hunter,LB,,Iowa,College Stats,Jun-00,6'1,239,4.77,31.5,20,116,,,
201,116,2011,Justin Houston,LB,66,Georgia,College Stats,3-Jun,6'3,270,4.62,36.5,30,125,6.95,4.37,Kansas City Chiefs / 3rd / 70th pick / 2011
202,117,2011,Ross Homan,LB,,Ohio State,College Stats,1-Jun,6'1,240,4.66,35.5,32,111,7.21,4.34,Minnesota Vikings / 6th / 200th pick / 2011
203,118,2011,Doug Hogue,LB,2,Syracuse,College Stats,2-Jun,6'2,235,4.62,36,18,121,7.09,4.57,Detroit Lions / 5th / 157th pick / 2011
204,119,2011,Mark Herzlich,LB,13,Boston College,College Stats,4-Jun,6'4,244,4.91,32.5,29,112,7.32,4.46,
205,120,2011,Mason Foster,LB,45,Washington,College Stats,1-Jun,6'1,245,4.75,31,22,110,7.14,4.45,Tampa Bay Buccaneers / 3rd / 84th pick / 2011
206,121,2011,Chris Carter,LB,7,Fresno State,College Stats,1-Jun,6'1,248,4.58,36,27,114,6.88,4.34,Pittsburgh Steelers / 5th / 162nd pick / 2011
207,122,2011,Bruce Carter,LB,21,North Carolina,College Stats,1-Jun,6'1,241,4.57,,25,,,,Dallas Cowboys / 2nd / 40th pick / 2011
208,123,2011,Akeem Ayers,LB,32,UCLA,College Stats,2-Jun,6'2,254,4.81,31,18,116,7.49,4.28,Tennessee Titans / 2nd / 39th pick / 2011
209,124,2011,Sam Acho,LB,33,Texas,College Stats,2-Jun,6'2,262,4.67,33.5,23,112,6.69,4.32,Arizona Cardinals / 4th / 103rd pick / 2011
210,125,2011,Wayne Daniels,LB,,TCU,College Stats,Jun-00,6'1,260,5.03,25,,106,7.81,4.68,
211,126,2010,Jason Worilds,LB,23,Virginia Tech,College Stats,1-Jun,6'1,254,4.65,38,24,114,6.95,4.29,Pittsburgh Steelers / 2nd / 52nd pick / 2010
212,127,2010,Sean Weatherspoon,LB,24,Missouri,College Stats,1-Jun,6'1,239,4.62,40,34,123,6.99,4.38,Atlanta Falcons / 1st / 19th pick / 2010
213,128,2010,Dekoda Watson,LB,12,Florida State,College Stats,1-Jun,6'1,240,4.55,40,24,134,7.06,4.11,Tampa Bay Buccaneers / 7th / 217th pick / 2010
214,129,2010,Daryl Washington,LB,38,TCU,College Stats,2-Jun,6'2,230,4.58,31,17,114,,,Arizona Cardinals / 2nd / 47th pick / 2010
215,130,2010,Nate Triplett,LB,0,Minnesota,College Stats,3-Jun,6'3,250,4.7,33,20,115,7.02,4.37,Minnesota Vikings / 5th / 167th pick / 2010
216,131,2010,Adrian Tracy,LB,1,William & Mary,,3-Jun,6'3,248,4.76,35.5,20,110,7.08,4.34,New York Giants / 6th / 184th pick / 2010
217,132,2010,Stevenson Sylvester,LB,5,Utah,College Stats,2-Jun,6'2,231,4.71,,23,,,,Pittsburgh Steelers / 5th / 166th pick / 2010
218,133,2010,Cameron Sheffield,LB,1,Troy,College Stats,2-Jun,6'2,257,4.92,33,,115,7.23,4.53,Kansas City Chiefs / 5th / 142nd pick / 2010
219,134,2010,O'Brien Schofield,LB,18,Wisconsin,College Stats,2-Jun,6'2,221,4.63,,,,,,Arizona Cardinals / 4th / 130th pick / 2010
220,135,2010,Ricky Sapp,LB,1,Clemson,College Stats,4-Jun,6'4,252,4.65,34,23,114,7.29,4.41,Philadelphia Eagles / 5th / 134th pick / 2010
221,136,2010,Perry Riley,LB,34,LSU,College Stats,1-Jun,6'1,239,4.69,35.5,,119,6.97,4.25,Washington Redskins / 4th / 103rd pick / 2010
222,137,2010,Eric Norwood,LB,2,South Carolina,College Stats,1-Jun,6'1,245,4.71,36.5,,115,7.08,4.23,Carolina Panthers / 4th / 124th pick / 2010
223,138,2010,Roddrick Muckelroy,LB,2,Texas,College Stats,2-Jun,6'2,246,4.68,31,19,110,7.25,4.39,Cincinnati Bengals / 4th / 131st pick / 2010
224,139,2010,Arthur Moats,LB,24,James Madison,,Jun-00,6'1,246,4.64,36.5,24,122,7.22,4.37,Buffalo Bills / 6th / 178th pick / 2010
225,140,2010,Koa Misi,LB,36,Utah,College Stats,3-Jun,6'3,251,4.75,38,,127,7.07,4.27,Miami Dolphins / 2nd / 40th pick / 2010
226,141,2010,Keaton Kristick,LB,0,Oregon State,College Stats,3-Jun,6'3,234,4.7,34,16,120,6.96,4.21,
227,142,2010,Sergio Kindle,LB,0,Texas,College Stats,3-Jun,6'3,250,4.65,36.5,25,118,7.26,4.53,Baltimore Ravens / 2nd / 43rd pick / 2010
228,143,2010,Carl Ihenacho,LB,0,San Jose State,College Stats,2-Jun,6'2,255,4.86,,20,,,,
229,144,2010,Jerry Hughes,LB,49,TCU,College Stats,2-Jun,6'2,255,4.65,34.5,26,118,6.99,4.15,Indianapolis Colts / 1st / 31st pick / 2010
230,145,2010,Brandon Graham,LB,45,Michigan,College Stats,1-Jun,6'1,268,4.71,,31,,,,Philadelphia Eagles / 1st / 13th pick / 2010
231,146,2010,Thaddeus Gibson,LB,0,Ohio State,College Stats,2-Jun,6'2,243,4.78,32,32,115,6.84,4.27,Pittsburgh Steelers / 4th / 116th pick / 2010
232,147,2010,Junior Galette,LB,21,Stillman,College Stats,2-Jun,6'2,257,4.77,33.5,25,113,7.04,4.16,
233,148,2010,A.J. Edds,LB,0,Iowa,College Stats,4-Jun,6'4,246,4.62,33,16,117,7.19,4.28,Miami Dolphins / 4th / 119th pick / 2010
234,149,2010,Dexter Davis,LB,1,Arizona State,College Stats,1-Jun,6'1,244,4.62,35,25,109,7.08,4.3,Seattle Seahawks / 7th / 236th pick / 2010
235,150,2010,Rennie Curran,LB,1,Georgia,College Stats,11-May,5'11,235,4.75,34.5,25,,,,Tennessee Titans / 3rd / 97th pick / 2010
236,Rk,Year,Player,Pos,AV,School,College,Height,#VALUE!,Wt,40YD,Vertical,BenchReps,Broad Jump,3Cone,Shuttle,Drafted (tm/rnd/yr)
237,151,2010,Kavell Conner,LB,22,Clemson,College Stats,Jun-00,6'1,242,4.59,33.5,24,110,7.36,4.6,Indianapolis Colts / 7th / 240th pick / 2010
238,152,2010,Justin Cole,LB,1,San Jose State,College Stats,3-Jun,6'3,242,4.76,34.5,22,117,7.13,4.42,
239,153,2010,Antonio Coleman,LB,0,Auburn,College Stats,1-Jun,6'1,255,4.76,,18,113,,,
240,154,2010,Keenan Clayton,LB,3,Oklahoma,College Stats,1-Jun,6'1,229,4.59,41.5,27,124,,,Philadelphia Eagles / 4th / 121st pick / 2010
241,155,2010,Navorro Bowman,LB,75,Penn State,College Stats,Jun-00,6'1,242,4.7,29.5,26,115,6.91,4.59,San Francisco 49ers / 3rd / 91st pick / 2010
242,156,2010,Kyle Bosworth,LB,5,UCLA,College Stats,1-Jun,6'1,236,4.69,32.5,25,117,6.67,4.11,
243,157,2010,Simoni Lawrence,LB,,Minnesota,College Stats,Jun-00,6'1,232,4.59,40,21,123,7.3,4.43,
244,158,2010,Sam Maxwell,LB,,Kentucky,College Stats,2-Jun,6'2,246,4.98,33,,108,7.37,4.52,
